"Id","Header","Code","Sort","OrganizationId","ScheduleTaskTypeId","StepTime","Tag","Status","Description","CreateDate","CreateUserId","UpdateDate","UpdateUserId","LanguageId","UnitCode"
DFF486F8DD592844ABBCBEEAA8EBB503,"Thu Ngân sách","KTXH_CSC_CHI",,61B5B8A093EB4FB8B8487C15E95D54EB,3,1,"",-1,"Create template from input form",13/03/24,"",13/03/24,"","","LDG"
4195B2C985F86B41A3431D5F4D2AB835,"TEST","TEST",,5C6B2A62BDFD41F981E63AA205F08E8A,3,1,"",-1,"Create template from input form",14/03/24,"",,"","","LDG"
FFA3C82E8976A345B60F41BABB460406,"Nguồn ngân sách tập trung (phân cấp)","NSTT_PHANCAP",,F4D5C61BCB73459984E770554E632F06,5,1,"",1,"Create template from input form",14/03/24,"",,"","","LDG"
0AD617F195C6124F9C175631F2988324,"Nguồn vốn ngân sách tập trung (Trợ cấp)","NSTT_TROCAP",,F4D5C61BCB73459984E770554E632F06,5,1,"",1,"Create template from input form",14/03/24,"",,"","","LDG"
0CF50E3C2FA6DA4CA399A4B6195F2EE9,"BÁO CÁO GIÁ TRỊ SẢN XUẤT CÔNG NGHIỆP VÀ SẢN PHẨM CHỦ YẾU","DT_PT_XH_SXCN-SPCY",,FC58C0D495714DF882EC0E1B2F272B5C,3,1,"",-1,"Create template from input form",15/03/24,"",15/03/24,"","","LDG"
E5C521595837224187A315229F0C4726,"KẾT QUẢ THỰC HIỆN CÁC CHỈ TIÊU KT- XH CHỦ YẾU (THÁNG)","MT",,CA98E06039414789AF57A451574FB795,3,1,"",1,"Create template from input form",15/03/24,"",15/03/24,"","","LDG"
6FC660AC0F4DA44DA2964E4278DF5732,"BÁO CÁO GIÁ TRỊ SẢN XUẤT CÔNG NGHIỆP VÀ SẢN PHẨM CHỦ YẾU - Giá trị sản xuất công nghiệp","DT_PT_XH_SXCN-SPCY_CT01",,FC58C0D495714DF882EC0E1B2F272B5C,3,1,"",-1,"Create template from input form",15/03/24,"",,"","","LDG"
C9FE391C22001C40B12C01AAD6CCECB4,"GIÁ TRỊ SẢN XUẤT CÔNG NGHIỆP VÀ SẢN PHẨM CHỦ YẾU","DT_PT_XH_SXCN-SPCY",,FC58C0D495714DF882EC0E1B2F272B5C,3,1,"",1,"Create template from input form",15/03/24,"",19/03/24,"","","LDG"
559129740DBD534D90398D86E9310C89,"Tỷ lệ chất thải rắn sinh hoạt ở đô thị được thu gom và xử lý","MT_KHN_1",,CA98E06039414789AF57A451574FB795,5,1,"",-1,"Create template from input form",15/03/24,"",,"","","LDG"
F9C2BC0A81557048BB87AFD8AEC77479,"Tỷ lệ cơ sở gây ô nhiễm môi trường nghiêm trọng được xử lý","MT_KHN_2",,CA98E06039414789AF57A451574FB795,5,1,"",-1,"Create template from input form",15/03/24,"",,"","","LDG"
DFA7283871747B4CBDB50249A8C6F9A8,"THỐNG KÊ THU NHẬN VÀ KÍCH HOẠT TÀI KHOẢN ĐỊNH DANH","DE_AN_06_01",,9C9461366C904C34A27451993464E57F,5,1,"",-1,"Create template from input form",15/03/24,"",,"","","LDG"
E16F8588E4B008458D2FA0FBCB849EBC,"THỐNG KÊ THU NHẬN VÀ KÍCH HOẠT TÀI KHOẢN ĐỊNH DANH","DE_AN_06_02",,9C9461366C904C34A27451993464E57F,5,1,"",-1,"Create template from input form",15/03/24,"",,"","","LDG"
E3BC41C193D34E47ADEA6382E51D3170,"Tỷ lệ dân số nông thôn sử dụng nước hợp vệ sinh","MT_KHN_4",,CA98E06039414789AF57A451574FB795,5,1,"",-1,"Create template from input form",15/03/24,"",,"","","LDG"
A8929DE93369474BBD677A77014BC510,"THỐNG KÊ THU NHẬN VÀ KÍCH HOẠT TÀI KHOẢN ĐỊNH DANH","DE_AN_06",,9C9461366C904C34A27451993464E57F,3,1,"",-1,"Create template from input form",15/03/24,"",17/03/24,"","","LDG"
2F6318DBF4E3E34C8569A9DAE0BC44C7,"TÌNH HÌNH TRẬT TỰ AN TOÀN GIAO THÔNG TRÊN ĐỊA BÀN TỈNH","ATGT",,820B5D417A44472F8F27FD9A053ADDEA,3,1,"",-1,"Create template from input form",15/03/24,"",15/03/24,"","","LDG"
7487F1DF56AF3445BBFFCD79C2B08C0E,"TÌNH HÌNH TRẬT TỰ AN TOÀN GIAO THÔNG TRÊN ĐỊA BÀN THÀNH PHỐ CAM RANH","ATGT_KHT_2",,820B5D417A44472F8F27FD9A053ADDEA,3,1,"",-1,"Create template from input form",15/03/24,"",,"","","LDG"
896688EFE9A29441A8D94BD1F7384F40,"TÌNH HÌNH TRẬT TỰ AN TOÀN GIAO THÔNG TRÊN ĐỊA BÀN THỊ XÃ NINH HÒA","ATGT_KHT_3",,820B5D417A44472F8F27FD9A053ADDEA,3,1,"",-1,"Create template from input form",15/03/24,"",,"","","LDG"
59A71D095E3ABE4CA0DD7C50153E849F,"TÌNH HÌNH TRẬT TỰ AN TOÀN GIAO THÔNG TRÊN ĐỊA BÀN HUYỆN CAM LÂM","ATGT_KHT_4",,820B5D417A44472F8F27FD9A053ADDEA,3,1,"",-1,"Create template from input form",15/03/24,"",,"","","LDG"
ABE6B99C3E3CE2478F852572B430ECBA,"TÌNH HÌNH TRẬT TỰ AN TOÀN GIAO THÔNG TRÊN ĐỊA BÀN HUYỆN DIÊN KHÁNH","ATGT_KHT_5",,820B5D417A44472F8F27FD9A053ADDEA,3,1,"",-1,"Create template from input form",15/03/24,"",,"","","LDG"
C582186DB240EA4F8B20447EBB18DF2A,"TÌNH HÌNH TRẬT TỰ AN TOÀN GIAO THÔNG TRÊN ĐỊA BÀN HUYỆN KHÁNH SƠN","ATGT_KHT_6",,820B5D417A44472F8F27FD9A053ADDEA,3,1,"",-1,"Create template from input form",15/03/24,"",,"","","LDG"
C3F6996FB5B60A439EB447D0E0520233,"TÌNH HÌNH TRẬT TỰ AN TOÀN GIAO THÔNG TRÊN ĐỊA BÀN HUYỆN KHÁNH VĨNH","ATGT_KHT_7",,820B5D417A44472F8F27FD9A053ADDEA,3,1,"",-1,"Create template from input form",15/03/24,"",,"","","LDG"
40EA8071F9E168449B58E12F99B66747,"TÌNH HÌNH TRẬT TỰ AN TOÀN GIAO THÔNG TRÊN ĐỊA BÀN HUYỆN VẠN NINH","ATGT_KHT_8",,820B5D417A44472F8F27FD9A053ADDEA,3,1,"",-1,"Create template from input form",15/03/24,"",,"","","LDG"
178DED089026A048B04BAD2840ABAE11,"TÌNH HÌNH TRẬT TỰ AN TOÀN GIAO THÔNG TRÊN ĐỊA BÀN HUYỆN ĐẢO TRƯỜNG SA","ATGT_KHT_9",,820B5D417A44472F8F27FD9A053ADDEA,3,1,"",-1,"Create template from input form",15/03/24,"",,"","","LDG"
AE38758CF2010A489CA9CFE93A2A67AE,"BAO PHỦ BẢO HIỂM XÃ HỘICỦA CÁC ĐỊA PHƯƠNG - NHA TRANG","BHXH_NHATRANG",,053BF9FEA2C24395ABCCE2AF6180F463,3,1,"",-1,"Create template from input form",15/03/24,"",15/03/24,"","","LDG"
5317CCF897672849A729F89EA03AA929,"BAO PHỦ BẢO HIỂM XÃ HỘICỦA CÁC ĐỊA PHƯƠNG - KHÁNH SƠN","BHXH_KHANHSON",,3E03739B97D24BD18F2EE5A294E298C9,3,1,"",-1,"Create template from input form",15/03/24,"",15/03/24,"","","LDG"
55325AE36A86FF46B211B7B0088E6A95,"BAO PHỦ BẢO HIỂM XÃ HỘICỦA CÁC ĐỊA PHƯƠNG - VẠN NINH","BHXH_VANNINH",,99C3E135750742A4ABA43880C517CCF2,3,1,"",-1,"Create template from input form",15/03/24,"",,"","","LDG"
CF2C96C23CAFC94AA01D8D7DA9AA42F6,"BAO PHỦ BẢO HIỂM XÃ HỘICỦA CÁC ĐỊA PHƯƠNG - NINH HÒA","BHXH_NINHHOA",,DD0C694AD2DA487F9452BFE8450734A2,3,1,"",-1,"Create template from input form",15/03/24,"",,"","","LDG"
FC628E88B268584391CEA2E679EE74AE,"Dự toán Thu ngân sách","THU_NS",,1219AF9688544AF08D226272B2305491,3,1,"",-1,"Create template from input form",14/03/24,"",14/03/24,"","","LDG"
EE131D82529BB347A46B46F4B3898E41,"Dự toán Thu ngân sách","THU_NS_PVT",,AB9AEC1802F3436CB4BBB98E29B4BCBE,3,1,"",-1,"Create template from input form",14/03/24,"",,"","","LDG"
8E85E21D1667BC4C91BC2E0BC37AC1B8,"KẾT QUẢ THỰC HIỆN CÁC CHỈ TIÊU KT- XH CHỦ YẾU","KHA_MOITRUONG_KQKTXH",,CA98E06039414789AF57A451574FB795,3,1,"",1,"Create template from input form",14/03/24,"",14/03/24,"","","LDG"
B43CF4C28B101646BB86401DCB86E4E8,"Dự toán Thu ngân sách","KHA_PVT",,AB9AEC1802F3436CB4BBB98E29B4BCBE,3,1,"",-1,"Create template from input form",14/03/24,"",,"","","LDG"
3890610C8E10BE4688E7E833749F62D8,"test","test",,F4D5C61BCB73459984E770554E632F06,3,1,"",-1,"Create template from input form",14/03/24,"",,"","","LDG"
B2B9E4934019084DA26BCCA653E4BA25,"test","test",,F4D5C61BCB73459984E770554E632F06,3,1,"",-1,"Create template from input form",14/03/24,"",,"","","LDG"
122BA92B5DF7CB41AFFBD3C86D1F6634,"THỐNG KÊ THU NHẬN VÀ KÍCH HOẠT TÀI KHOẢN ĐỊNH DANH","DE_AN_06",,9C9461366C904C34A27451993464E57F,5,1,"",-1,"Create template from input form",15/03/24,"",15/03/24,"","","LDG"
ABBA52A9B9771A47841EED62098B8739,"Bao phủ BHXH","BHXH",,3CCFDB94B5B84819951B33E2E1E1E28A,3,1,"",-1,"Create template from input form",15/03/24,"",,"","","LDG"
68F7C955EE30E84FB7A3294DD19E7F01,"BÁO CÁO GIÁ TRỊ SẢN XUẤT CÔNG NGHIỆP VÀ SẢN PHẨM CHỦ YẾU - Nước ghi thu","DT_PT_XH_SXCN-SPCY_CT23",,FC58C0D495714DF882EC0E1B2F272B5C,3,1,"",-1,"Create template from input form",15/03/24,"",,"","","LDG"
8229A06093A861448CCF4EA065E78B61,"THỐNG KÊ THU NHẬN VÀ KÍCH HOẠT TÀI KHOẢN ĐỊNH DANH","DE_AN_06_01",,9C9461366C904C34A27451993464E57F,5,1,"",-1,"Create template from input form",15/03/24,"",,"","","LDG"
0CBFFC6EB06DBA4CA8C100855C7A3487,"Tỷ lệ dân số đô thị sử dụng nước sạch","MT_KHN_3",,CA98E06039414789AF57A451574FB795,5,1,"",-1,"Create template from input form",15/03/24,"",,"","","LDG"
1424E815AF34744BB74490E71E361176,"TÌNH HÌNH TRẬT TỰ AN TOÀN GIAO THÔNG TRÊN ĐỊA BÀN THÀNH PHỐ NHA TRANG","ATGT_KHT_1",,820B5D417A44472F8F27FD9A053ADDEA,3,1,"",-1,"Create template from input form",15/03/24,"",15/03/24,"","","LDG"
A579B0F830640246AC65873DAEE9E4F6,"BAO PHỦ BẢO HIỂM XÃ HỘICỦA CÁC ĐỊA PHƯƠNG - DIÊN KHÁNH","BHXH_DIENKHANH",,642F5C7CDE254FE0ACDBF95B65227EB4,3,1,"",-1,"Create template from input form",15/03/24,"",15/03/24,"","","LDG"
862FC07B20E6EC4DA298FB0FC6DFC9B1,"BAO PHỦ BẢO HIỂM XÃ HỘICỦA CÁC ĐỊA PHƯƠNG - KHÁNH VĨNH","BHXH_KHANHVINH",,31B0EB3B9E6F448AA4AC809D6AFB4E96,3,1,"",-1,"Create template from input form",15/03/24,"",15/03/24,"","","LDG"
6B83DD0D2B03A341B4E0DA2D594B37F9,"BAO PHỦ BẢO HIỂM XÃ HỘICỦA CÁC ĐỊA PHƯƠNG - CAM RANH","BHXH_CAMRANH",,1C7B93592FA148C9A9EEDD574730EB8C,3,1,"",-1,"Create template from input form",15/03/24,"",,"","","LDG"
0D4D134234955848B94C61AD6C989CD4,"BAO PHỦ BẢO HIỂM XÃ HỘICỦA CÁC ĐỊA PHƯƠNG - CAM LÂM","BHXH_CAMLAM",,613DD96174A34960B021B22A9A2CD2A2,3,1,"",-1,"Create template from input form",15/03/24,"",,"","","LDG"
65A18E983CB76C4B99113052A80A64B3,"TỐC ĐỘ TĂNG TRƯỞNG TỔNG SẢN PHẨM ĐỊA PHƯƠNG (GRDP)","GRDP",,FC58C0D495714DF882EC0E1B2F272B5C,4,1,"",1,"Create template from input form",15/03/24,"",21/03/24,"","","LDG"
664612839F72B2419CFE091E8934A20D,"BAO PHỦ BẢO HIỂM XÃ HỘICỦA CÁC ĐỊA PHƯƠNG - Số người tham gia BHXH","BHXH_SNTG",,D204DF830A414B9B8AECD653A8C1365B,3,1,"",1,"Create template from input form",15/03/24,"",18/03/24,"","","LDG"
C4BE55869A308D42B4AF4D06A80AAFBC,"TÌNH HÌNH TRẬT TỰ AN TOÀN GIAO THÔNG TRÊN ĐỊA BÀN TỈNH - Vụ","ATGT_Vu",,820B5D417A44472F8F27FD9A053ADDEA,3,1,"",-1,"Create template from input form",15/03/24,"",,"","","LDG"
8D0BA7433C2E1C4AB2620D6991094EA8,"TÌNH HÌNH TRẬT TỰ AN TOÀN GIAO THÔNG TRÊN ĐỊA BÀN TỈNH - Số người chết","ATGT_NguoiChet",,820B5D417A44472F8F27FD9A053ADDEA,3,1,"",-1,"Create template from input form",15/03/24,"",,"","","LDG"
A991E0CD23994547A108ADE173D734FE,"TÌNH HÌNH TRẬT TỰ AN TOÀN GIAO THÔNG TRÊN ĐỊA BÀN TỈNH - Số người bị thương","ATGT_NguoiBiThuong",,820B5D417A44472F8F27FD9A053ADDEA,3,1,"",-1,"Create template from input form",15/03/24,"",,"","","LDG"
110DD45BC57D314EA0DFCBDA72070207,"TÌNH HÌNH TRẬT TỰ AN TOÀN GIAO THÔNG TRÊN ĐỊA BÀN HUYỆN ĐẢO TRƯỜNG SA","ATGT_KHT_TRUONGSA",,820B5D417A44472F8F27FD9A053ADDEA,3,1,"",-1,"Create template from input form",15/03/24,"",,"","","LDG"
F8BD1A033FA02846B988CAE7B81738D0,"TÌNH HÌNH TRẬT TỰ AN TOÀN GIAO THÔNG TRÊN ĐỊA BÀN HUYỆN ĐẢO TRƯỜNG SA","ATGT_TRUONGSA",,820B5D417A44472F8F27FD9A053ADDEA,3,1,"",-1,"Create template from input form",15/03/24,"",,"","","LDG"
C9AD4FDC2AD1ED4EBD74EA66C1904054,"GIÁ TRỊ SẢN XUẤT CÔNG NGHIỆP VÀ SẢN PHẨM CHỦ YẾU - KẾ HOẠCH NĂM","DT_PT_XH_SXCN-SPCY_NAM",,FC58C0D495714DF882EC0E1B2F272B5C,5,1,"",1,"Create template from input form",15/03/24,"",15/03/24,"","","LDG"
F31E8A3583355F45A57E2E5DCE2267F2,"TÌNH HÌNH TRẬT TỰ AN TOÀN GIAO THÔNG TRÊN ĐỊA BÀN TỈNH - Số người bị thương","ATGT_NGUOIBITHUONG",,820B5D417A44472F8F27FD9A053ADDEA,3,1,"",1,"Create template from input form",15/03/24,"",16/03/24,"","","LDG"
61D2DD29B9713D4AB49C089ECC5BA0A0,"TÌNH HÌNH TRẬT TỰ AN TOÀN GIAO THÔNG TRÊN ĐỊA BÀN TỈNH - Số người chết","ATGT_NGUOICHET",,820B5D417A44472F8F27FD9A053ADDEA,3,1,"",1,"Create template from input form",15/03/24,"",16/03/24,"","","LDG"
B44C6CF42C0EDA4789F7576ECFDA7233,"TÌNH HÌNH TRẬT TỰ AN TOÀN GIAO THÔNG TRÊN ĐỊA BÀN HUYỆN VẠN NINH","ATGT_VANNINH",,820B5D417A44472F8F27FD9A053ADDEA,3,1,"",-1,"Create template from input form",15/03/24,"",,"","","LDG"
2382D1F7464E464EAE0B8E9126F20478,"TÌNH HÌNH TRẬT TỰ AN TOÀN GIAO THÔNG TRÊN ĐỊA BÀN HUYỆN CAM LÂM","ATGT_CAMLAM",,820B5D417A44472F8F27FD9A053ADDEA,3,1,"",-1,"Create template from input form",15/03/24,"",,"","","LDG"
1497B214225BD346A5F1B71BC337DB25,"KẾT QUẢ THỰC HIỆN CÁC CHỈ TIÊU KT- XH CHỦ YẾU","VH",,08B1B3A3D2094DA3A025DD51F9FE28FD,5,2,"",-1,"Create template from input form",15/03/24,"",16/03/24,"","","LDG"
C59B9D142C5BDF4EB05341FB9E31E595,"KẾT QUẢ THỰC HIỆN CÁC CHỈ TIÊU KT- XH CHỦ YẾU","VH_1",,08B1B3A3D2094DA3A025DD51F9FE28FD,5,1,"",-1,"Create template from input form",16/03/24,"",16/03/24,"","","LDG"
66F70117193C3B48AAF17DAEFDF35197,"KẾT QUẢ THỰC HIỆN CÁC CHỈ TIÊU KT- XH CHỦ YẾU","VH_2",,08B1B3A3D2094DA3A025DD51F9FE28FD,5,2,"",-1,"Create template from input form",16/03/24,"",,"","","LDG"
6B3D30F93860DB4890677572ECE3801D,"KẾT QUẢ THỰC HIỆN CÁC CHỈ TIÊU KT- XH CHỦ YẾU","VH_1",,08B1B3A3D2094DA3A025DD51F9FE28FD,5,2,"",-1,"Create template from input form",16/03/24,"",,"","","LDG"
34A19EE14AFF6B4E962E509505048730,"KẾT QUẢ THỰC HIỆN CÁC CHỈ TIÊU KT- XH CHỦ YẾU - Sản lượng thủy sản","TS_SANLUONG",,A3951FDA52194E088D809E3F67A96328,3,1,"",1,"Create template from input form",16/03/24,"",16/03/24,"","","LDG"
EAC5E586BA3EBD46A034D0E01C0FA5E6,"Tỷ lệ chất thải rắn sinh hoạt ở đô thị được thu gom và xử lý","MT_CHATTHAIRAN",,CA98E06039414789AF57A451574FB795,3,1,"",1,"Create template from input form",16/03/24,"",,"","","LDG"
B55F6BF99F2085499BA351C1C39B5A69,"Tỷ lệ dân số nông thôn sử dụng nước hợp vệ sinh","MT_DANSONONGTHON",,CA98E06039414789AF57A451574FB795,3,1,"",1,"Create template from input form",16/03/24,"",,"","","LDG"
D925FBDD4324394F9266DFF1CBD03533,"KẾT QUẢ THỰC HIỆN CÁC CHỈ TIÊU KT- XH CHỦ YẾU","DL",,225052FD039A4E76B6AEFBB64B01E0EF,3,1,"",-1,"Create template from input form",17/03/24,"",17/03/24,"","","LDG"
EC35A6AFFF860D4C87BE9FF7983EEEFD,"KẾT QUẢ THỰC HIỆN CÁC CHỈ TIÊU KT- XH CHỦ YẾU","VH",,08B1B3A3D2094DA3A025DD51F9FE28FD,3,1,"",-1,"Create template from input form",17/03/24,"",17/03/24,"","","LDG"
C9C479EEF03A31429C151B04E5F67030,"THỐNG KÊ THU NHẬN VÀ KÍCH HOẠT TÀI KHOẢN ĐỊNH DANH","DE_AN_06_1",,9C9461366C904C34A27451993464E57F,5,1,"",-1,"Create template from input form",17/03/24,"",,"","","LDG"
C042132C4EEEEC48A3E488A5165F2586,"KẾT QUẢ THỰC HIỆN CÁC CHỈ TIÊU KT- XH CHỦ YẾU - KẾ HOẠCH NĂM				","DT_PT_XH_KTXH_NAM",,FC58C0D495714DF882EC0E1B2F272B5C,5,1,"",1,"Create template from input form",17/03/24,"",18/03/24,"","","LDG"
1E8DD17214E6DD41A372DDACDBB62206,"VĂN PHÒNG CHÍNH PHỦ - KẾ HOẠCH NĂM						","DT_PT_XH_VPCHINHPHU_NAM",,FC58C0D495714DF882EC0E1B2F272B5C,5,1,"",1,"Create template from input form",17/03/24,"",,"","","LDG"
4BD2B12F561F3948B35294997C4E6739,"ĐỀ XUẤT ĐIỀU CHỈNH CHỈ TIÊU, MỤC TIÊU CỦA CTMTQG DTTS&MN - Theo KH ban đầu cho GĐ 2021-2025","CTMTQG_DTTS_KH_2021-2025",,1EF84E419FEF40A19D590807151642D2,5,5,"",1,"Create template from input form",17/03/24,"",19/03/24,"","","LDG"
624CAB31F040BE458E329FDBAF7F4CC6,"ĐỀ XUẤT ĐIỀU CHỈNH CHỈ TIÊU, MỤC TIÊU CỦA CTMTQG DTTS&MN - Thực hiện đến hết tháng 2/2024","CTMTQG_DTTS_2-2024",,1EF84E419FEF40A19D590807151642D2,3,1,"",1,"Create template from input form",17/03/24,"",18/03/24,"","","LDG"
CFB435D32891BB41BC2345F95E8F7764,"TÌNH HÌNH ĐĂNG KÝ HỢP TÁC XÃ TỈNH KHÁNH HÒA","DT_PT_XH_DK_HTX",,FC58C0D495714DF882EC0E1B2F272B5C,3,1,"",1,"Create template from input form",17/03/24,"",18/03/24,"","","LDG"
92EAA87D060648448DD9D3945ECE5603,"TÌNH HÌNH ĐĂNG KÝ DOANH NGHIỆP TỈNH KHÁNH HÒA","DT_PT_XH_DK_DOANHNGHIEP",,FC58C0D495714DF882EC0E1B2F272B5C,3,1,"",1,"Create template from input form",17/03/24,"",18/03/24,"","","LDG"
E88C991A70716E4D81C939C122173ECF,"TÌNH HÌNH ĐĂNG KÝ DOANH NGHIỆP TỈNH KHÁNH HÒA -Số doanh nghiệp  giải thể","DT_PT_XH_DK_DOANHNGHIEP_GIAITHE",,FC58C0D495714DF882EC0E1B2F272B5C,3,1,"",1,"Create template from input form",18/03/24,"",19/03/24,"","","LDG"
7A314A298A9B8B43857D7045BD3C27D4,"TÌNH HÌNH ĐĂNG KÝ DOANH NGHIỆP TỈNH KHÁNH HÒA - Lũy kế số DN còn pháp nhân hoạt động","DT_PT_XH_DK_DOANHNGHIEP_PHAPNHAN-HOATDONG",,FC58C0D495714DF882EC0E1B2F272B5C,3,1,"",1,"Create template from input form",18/03/24,"",,"","","LDG"
CBE1553F0937844B8C6DB0AFEE8EE9F5,"BÁO CÁO SỐ LIỆU THU NSNN","THU_NS_THANG",,E743C0C5FFB04ADD8002892EAAD2C040,3,1,"",1,"Create template from input form",18/03/24,"",20/03/24,"","","LDG"
7B9FE1B3F25E4244BCD9FD9E5D80950E,"THỐNG KÊ THU NHẬN VÀ KÍCH HOẠT TÀI KHOẢN ĐỊNH DANH","DE_AN_06_DENQUY",,9C9461366C904C34A27451993464E57F,4,1,"",-1,"Create template from input form",18/03/24,"",,"","","LDG"
FC7B9CA7699EED44BB42E5E7B74F4777,"BÁO CÁO SỐ LIỆU TỔNG THU NGÂN SÁCH ĐỊA PHƯƠNG","THU_NS_MAU3",,E743C0C5FFB04ADD8002892EAAD2C040,5,1,"",-1,"Create template from input form",18/03/24,"",18/03/24,"","","LDG"
177E91C81B68E448AE743A7793C01CD0,"BÁO CÁO TỔNG HỢP PHÂN LOẠI TIỀN THUẾ NỢ THEO CƠ QUAN THUẾ												","THUE_NO_COQUANTHUE",,2FCA02AC5E424C3EA4674F32C58E791A,3,1,"",1,"Create template from input form",18/03/24,"",,"","","LDG"
0FA059828AEEEF458993651A2895A2DA,"TÌNH HÌNH QUẢN LÝ MST CỦA TỔ CHỨC, CÁ NHÂN","THUE_MST",,2FCA02AC5E424C3EA4674F32C58E791A,3,1,"",1,"Create template from input form",18/03/24,"",,"","","LDG"
CAD1C5CC11044E45AF0201B4582231A0,"TÌNH HÌNH QUẢN LÝ MST CỦA TỔ CHỨC, CÁ NHÂN - Tạm ngưng","THUE_MST_TAMNGUNG",,2FCA02AC5E424C3EA4674F32C58E791A,3,1,"",1,"Create template from input form",18/03/24,"",,"","","LDG"
BB1697A7B15627448F72E22FE182C949,"BAO PHỦ BẢO HIỂM XÃ HỘICỦA CÁC ĐỊA PHƯƠNG","BHXH",,D204DF830A414B9B8AECD653A8C1365B,3,1,"",1,"Create template from input form",15/03/24,"",18/03/24,"","","LDG"
2FF9851AB052BF4BB27541B135B41442,"KẾT QUẢ THỰC HIỆN CÁC CHỈ TIÊU KT- XH CHỦ YẾU","VH",,08B1B3A3D2094DA3A025DD51F9FE28FD,5,2,"",-1,"Create template from input form",16/03/24,"",16/03/24,"","","LDG"
849C994D58D2C14FAB679E761262B5ED,"KẾT QUẢ THỰC HIỆN CÁC CHỈ TIÊU KT- XH CHỦ YẾU","VH_1",,08B1B3A3D2094DA3A025DD51F9FE28FD,5,2,"",-1,"Create template from input form",16/03/24,"",,"","","LDG"
AFD884A908E98849AE348ACDFEF7D6EC,"Tỷ lệ dân số đô thị sử dụng nước sạch","MT_DANSODOTHI",,CA98E06039414789AF57A451574FB795,3,1,"",1,"Create template from input form",16/03/24,"",16/03/24,"","","LDG"
2EA3CC58ED0F4044A92514B7A57F95DA,"KẾT QUẢ THỰC HIỆN CÁC CHỈ TIÊU KT- XH CHỦ YẾU","GD",,225052FD039A4E76B6AEFBB64B01E0EF,8,1,"",-1,"Create template from input form",17/03/24,"",17/03/24,"","","LDG"
8687E8BD02676B4683499CCD2C685AAE,"TÌNH HÌNH ĐĂNG KÝ DOANH NGHIỆP TỈNH KHÁNH HÒA","DT_PT_XH_DK_DOANHNGHIEP",,FC58C0D495714DF882EC0E1B2F272B5C,3,1,"",-1,"Create template from input form",17/03/24,"",,"","","LDG"
1952FF4192C8FE419F0D59E3AF3A69F3,"KẾT QUẢ THỰC HIỆN CÁC CHỈ TIÊU KT- XH CHỦ YẾU 							","DT_PT_XH_KTXH",,FC58C0D495714DF882EC0E1B2F272B5C,3,1,"",1,"Create template from input form",17/03/24,"",18/03/24,"","","LDG"
FC93EE1FC5C0724892EA6061242496AD,"TÌNH HÌNH ĐĂNG KÝ DOANH NGHIỆP TỈNH KHÁNH HÒA -Số DN đăng ký thành lập mới","DT_PT_XH_DK_DOANHNGHIEP_THANHLAPMOI",,FC58C0D495714DF882EC0E1B2F272B5C,3,1,"",1,"Create template from input form",18/03/24,"",18/03/24,"","","LDG"
DED1D946E1AF2D458B1F6ABCDA2B2A51,"TÌNH HÌNH ĐĂNG KÝ DOANH NGHIỆP TỈNH KHÁNH HÒA - Doanh nghiệp giải thể","DT_PT_XH_DK_DOANHNGHIEP_",,FC58C0D495714DF882EC0E1B2F272B5C,3,1,"",-1,"Create template from input form",18/03/24,"",,"","","LDG"
10BC62DFC43A4C48B1FB35E88755F9A3,"TÌNH HÌNH ĐĂNG KÝ DOANH NGHIỆP TỈNH KHÁNH HÒA - Doanh nghiệp tạm ngừng hoạt động","DT_PT_XH_DK_DOANHNGHIEP_",,FC58C0D495714DF882EC0E1B2F272B5C,3,1,"",-1,"Create template from input form",18/03/24,"",,"","","LDG"
4E95C95C3D4E484DA3FEAEFEF6ABB781,"TÌNH HÌNH ĐĂNG KÝ DOANH NGHIỆP TỈNH KHÁNH HÒA - Lũy kế số vốn điều lệ DN còn pháp nhân hoạt động","DT_PT_XH_DK_DOANHNGHIEP_VON-PHAPNHAN-HOATDONG",,FC58C0D495714DF882EC0E1B2F272B5C,3,1,"",1,"Create template from input form",18/03/24,"",,"","","LDG"
FB365C6B37ED24488680C9CDD7D6DF99,"BÁO CÁO SỐ LIỆU THU NSNN","THU_NS",,E743C0C5FFB04ADD8002892EAAD2C040,5,1,"",-1,"Create template from input form",18/03/24,"",,"","","LDG"
534016B44B0EC545818AF8A3D94F3AC8,"TÌNH HÌNH, KẾT QUẢ GIẢI QUYẾT THỦ TỤC HÀNH CHÍNH  TẠI CƠ QUAN, ĐƠN VỊ TRỰC TIẾP GIẢI QUYẾT THỦ TỤC HÀNH CHÍNH","HCC",,163CDCF89060451DB7F076BF2FE9967A,4,1,"",1,"Create template from input form",18/03/24,"",18/03/24,"","","LDG"
98079A469D3D4646B829F47F0F1FC69E,"SỐ LƯỢNG HỒ SƠ ĐÃ GIẢI QUYẾT","HCC_DAGIAIQUYET",,163CDCF89060451DB7F076BF2FE9967A,4,1,"",1,"Create template from input form",18/03/24,"",,"","","LDG"
7AD2CB0952300241913CCCA4861002EB,"THỐNG KÊ TÀI KHOẢN ĐỊNH DANH ĐIỆN TỬ ĐƯỢC CẤP VÀ KÍCH HOẠT ĐẾN NGÀY 15/3/2024","DE_AN_06_HUYEN",,9C9461366C904C34A27451993464E57F,5,1,"",1,"Create template from input form",18/03/24,"",27/03/24,"","","LDG"
DE6E6559411D514EA52406A9209615B3,"BÁO CÁO TỔNG HỢP PHÂN LOẠI TIỀN THUẾ NỢ THEO CƠ QUAN THUẾ - Nợ có khả năng thu									","THUE_NO_COQUANTHUE_NO-COTHETHU",,2FCA02AC5E424C3EA4674F32C58E791A,3,1,"",1,"Create template from input form",18/03/24,"",,"","","LDG"
0249B373075DB747B2C8B0868D2E2B1F,"BÁO CÁO TỔNG HỢP PHÂN LOẠI TIỀN THUẾ NỢ THEO CƠ QUAN THUẾ - Nợ khó thu									","THUE_NO_COQUANTHUE_NO-KHOTHU",,2FCA02AC5E424C3EA4674F32C58E791A,3,1,"",1,"Create template from input form",18/03/24,"",,"","","LDG"
075C8EF5B211D84DB2B6697DF1453BCB,"KẾT QUẢ THỰC HIỆN CÔNG TÁC GIẢI QUYẾT TTHC CHO TỔ CHỨC VÀ CÁ NHÂN -Tổng cộng","THUE_GQ_TTHC_TONG",,2FCA02AC5E424C3EA4674F32C58E791A,3,1,"",1,"Create template from input form",18/03/24,"",,"","","LDG"
3C513C90B024F7489D654C6ED39569AB,"KẾT QUẢ THỰC HIỆN CÔNG TÁC GIẢI QUYẾT TTHC CHO TỔ CHỨC VÀ CÁ NHÂN - Số hồ sơ đã giải quyết","THUE_GQ_TTHC_DA-GQ",,2FCA02AC5E424C3EA4674F32C58E791A,3,1,"",1,"Create template from input form",18/03/24,"",,"","","LDG"
769202ED717DBB4DBF8320A959D791C3,"TÌNH HÌNH QUẢN LÝ MST CỦA TỔ CHỨC, CÁ NHÂN - Cấp mới trong kỳ","THUE_MST_CAPMOI",,2FCA02AC5E424C3EA4674F32C58E791A,3,1,"",1,"Create template from input form",18/03/24,"",,"","","LDG"
70E74C66BB4C8740B66F10E6B9845A29,"TÌNH HÌNH QUẢN LÝ MST CỦA TỔ CHỨC, CÁ NHÂN - Đang hoạt động","THUE_MST_DANGHOATDONG",,2FCA02AC5E424C3EA4674F32C58E791A,3,1,"",1,"Create template from input form",18/03/24,"",,"","","LDG"
A8268B65D9EFC541AC4BAB13E2B8DDE5,"TÌNH HÌNH QUẢN LÝ MST CỦA TỔ CHỨC, CÁ NHÂN - Giải thể","THUE_MST_GIAITHE",,2FCA02AC5E424C3EA4674F32C58E791A,3,1,"",1,"Create template from input form",18/03/24,"",,"","","LDG"
AF5EE18E1ADCB7458721206E10744454,"GIÁ TRỊ SẢN XUẤT CÔNG NGHIỆP VÀ SẢN PHẨM CHỦ YẾU - NEW","DT_PT_XH_SXCN-SPCY_NEW",,FC58C0D495714DF882EC0E1B2F272B5C,3,1,"",1,"Create template from input form",19/03/24,"",22/03/24,"","","LDG"
FE718FC7C176C7499CDBCD2167C11C43,"CHỈ TIÊU VỀ SẢN LƯỢNG TIÊU THỤ XĂNG DẦU			","DT_PT_XH_SLTT_XANGDAU_NEW",,FC58C0D495714DF882EC0E1B2F272B5C,3,1,"",1,"Create template from input form",19/03/24,"",20/03/24,"","","LDG"
F8E71A34E761D24683AD5FA64B86FDBA,"TÌNH HÌNH TRẬT TỰ AN TOÀN GIAO THÔNG TRÊN ĐỊA BÀN TỈNH - Vụ","ATGT_VU",,820B5D417A44472F8F27FD9A053ADDEA,3,1,"",1,"Create template from input form",15/03/24,"",17/03/24,"","","LDG"
11148B748F51A74288C887901C84096B,"TÌNH HÌNH TRẬT TỰ AN TOÀN GIAO THÔNG TRÊN ĐỊA BÀN HUYỆN KHÁNH VĨNH","ATGT_KHANHVINH",,820B5D417A44472F8F27FD9A053ADDEA,3,1,"",-1,"Create template from input form",15/03/24,"",,"","","LDG"
F40112ADAA2CAD4793F9E704BE671B84,"TÌNH HÌNH TRẬT TỰ AN TOÀN GIAO THÔNG TRÊN ĐỊA BÀN HUYỆN KHÁNH SƠN","ATGT_KHANHSON",,820B5D417A44472F8F27FD9A053ADDEA,3,1,"",-1,"Create template from input form",15/03/24,"",,"","","LDG"
15C70C8E166B634DA2A9B6005DCC77F9,"TÌNH HÌNH TRẬT TỰ AN TOÀN GIAO THÔNG TRÊN ĐỊA BÀN HUYỆN DIÊN KHÁNH","ATGT_DIENKHANH",,820B5D417A44472F8F27FD9A053ADDEA,3,1,"",-1,"Create template from input form",15/03/24,"",,"","","LDG"
C729AAA29391AB4880540EEA3B77BDAB,"KẾT QUẢ THỰC HIỆN CÁC CHỈ TIÊU KT- XH CHỦ YẾU","VH_1",,08B1B3A3D2094DA3A025DD51F9FE28FD,5,2,"",-1,"Create template from input form",16/03/24,"",,"","","LDG"
55A53ADE10A00745B007A0084DC53048,"KẾT QUẢ THỰC HIỆN CÁC CHỈ TIÊU KT- XH CHỦ YẾU","VH",,08B1B3A3D2094DA3A025DD51F9FE28FD,5,2,"",-1,"Create template from input form",16/03/24,"",,"","","LDG"
9DA01DEF86EEC940AAAA2498807A9F2E,"KẾT QUẢ THỰC HIỆN CÁC CHỈ TIÊU KT- XH CHỦ YẾU","TS",,A3951FDA52194E088D809E3F67A96328,3,1,"",1,"Create template from input form",16/03/24,"",16/03/24,"","","LDG"
B7A10CE57AB565418E35728795F61E59,"KẾT QUẢ THỰC HIỆN CÁC CHỈ TIÊU KT- XH CHỦ YẾU - Diện tích nuôi trồng thủy sản","TS_DIENTICH",,A3951FDA52194E088D809E3F67A96328,3,1,"",1,"Create template from input form",16/03/24,"",16/03/24,"","","LDG"
8CC48EF59598384580D17D7C1ABC5878,"Tỷ lệ cơ sở gây ô nhiễm môi trường nghiêm trọng được xử lý","MT_COSOONHIEM",,CA98E06039414789AF57A451574FB795,3,1,"",1,"Create template from input form",16/03/24,"",16/03/24,"","","LDG"
F0DDF1903AA420448F793BC853333C57,"SỐ LIỆU THỰC HIỆN TRỢ GIÚP XÃ HỘI THƯỜNG XUYÊN","LDVL_ASXH",,872728010FEC4F84BF2A764609B1B5BF,3,1,"",1,"Create template from input form",17/03/24,"",17/03/24,"","","LDG"
CD43C4C37D41474D8AC2D88E09EAFA75,"KẾT QUẢ THỰC HIỆN CÁC CHỈ TIÊU KT- XH CHỦ YẾU","YT",,8622C5F00C5D41C48B0A2EEF2FD665F2,3,1,"",-1,"Create template from input form",17/03/24,"",17/03/24,"","","LDG"
2ABF0F00F331D642B9D596C92E812B0E,"CHỈ TIÊU VỀ SẢN LƯỢNG TIÊU THỤ XĂNG DẦU			","DT_PT_XH_SLTT_XANGDAU",,FC58C0D495714DF882EC0E1B2F272B5C,3,1,"",1,"Create template from input form",17/03/24,"",19/03/24,"","","LDG"
3AC66A19A86DA04C82984B8789581165,"VĂN PHÒNG CHÍNH PHỦ						","DT_PT_XH_VPCHINHPHU",,FC58C0D495714DF882EC0E1B2F272B5C,3,1,"",1,"Create template from input form",17/03/24,"",,"","","LDG"
998F08F083214F488B3CE330B1D5CAAE,"TÌNH HÌNH ĐĂNG KÝ DOANH NGHIỆP TỈNH KHÁNH HÒA - Số vốn đăng ký","DT_PT_XH_DK_DOANHNGHIEP_VONDK",,FC58C0D495714DF882EC0E1B2F272B5C,3,1,"",1,"Create template from input form",18/03/24,"",18/03/24,"","","LDG"
36624B2EEA87E94D98571521F171410E,"TÌNH HÌNH ĐĂNG KÝ DOANH NGHIỆP TỈNH KHÁNH HÒA - Số doanh nghiệp đăng ký tạm ngừng hoạt động","DT_PT_XH_DK_DOANHNGHIEP_TAMNGUNG",,FC58C0D495714DF882EC0E1B2F272B5C,3,1,"",1,"Create template from input form",18/03/24,"",18/03/24,"","","LDG"
5502CB396D8B5A44938127BE1F30CFD7,"TÌNH HÌNH ĐĂNG KÝ DOANH NGHIỆP TỈNH KHÁNH HÒA - Số doanh nghiệp hoạt động trở lại","DT_PT_XH_DK_DOANHNGHIEP_HOATDONGLAI",,FC58C0D495714DF882EC0E1B2F272B5C,3,1,"",1,"Create template from input form",18/03/24,"",,"","","LDG"
FF0912643AFD1B4B8D4C929C62D3A6DD,"SỐ LƯỢNG HỒ SƠ ĐANG GIẢI QUYẾT","HCC_DANGGIAIQUYET",,163CDCF89060451DB7F076BF2FE9967A,4,1,"",1,"Create template from input form",18/03/24,"",18/03/24,"","","LDG"
DEAFE4C04C32C2458BE2F82AD89C9D3D,"SỐ LƯỢNG HỒ SƠ ĐÃ GIAO TRẢ","HCC_DAGIAOTRA",,163CDCF89060451DB7F076BF2FE9967A,4,1,"",1,"Create template from input form",18/03/24,"",,"","","LDG"
6178B5F660840741B10D2F07E5A0FC75,"THỐNG KÊ THU NHẬN VÀ KÍCH HOẠT TÀI KHOẢN ĐỊNH DANH","DE_AN_06_NAM",,9C9461366C904C34A27451993464E57F,5,1,"",1,"Create template from input form",18/03/24,"",,"","","LDG"
80A6C9D9C543E042888D312928CB5CB1,"THỐNG KÊ THU NHẬN VÀ KÍCH HOẠT TÀI KHOẢN ĐỊNH DANH","DE_AN_06_DENTHANG",,9C9461366C904C34A27451993464E57F,5,1,"",-1,"Create template from input form",18/03/24,"",,"","","LDG"
7787A70006D52B4FAFD803748CEC2299,"TÌNH HÌNH, KẾT QUẢ GIẢI QUYẾT THỦ TỤC HÀNH CHÍNH","IMPORT_GIAI_QUYET_TTHC",,2D8DA3C65CE741948FF5F5E024A0CC2C,4,1,"2",2,"Create template from Excel",18/03/24,"",23/03/24,"","","LDG"
1A44FEB70DBA39498BF64B490647402A,"BÁO CÁO TỔNG HỢP PHÂN LOẠI TIỀN THUẾ NỢ THEO CƠ QUAN THUẾ - Tổng số tiền thuế nợ										","THUE_NO_COQUANTHUE_TONG-THUENO",,2FCA02AC5E424C3EA4674F32C58E791A,3,1,"",1,"Create template from input form",18/03/24,"",,"","","LDG"
17226CFACC9B69429F2DDBCFACF25077,"BÁO CÁO TỔNG HỢP PHÂN LOẠI TIỀN THUẾ NỢ THEO CƠ QUAN THUẾ - Nợ đang xử lý								","THUE_NO_COQUANTHUE_NO-DANGXULY",,2FCA02AC5E424C3EA4674F32C58E791A,3,1,"",1,"Create template from input form",18/03/24,"",,"","","LDG"
7DFB4A7763EF4048B8DDB1A2A196A462,"KẾT QUẢ THỰC HIỆN CÔNG TÁC GIẢI QUYẾT TTHC CHO TỔ CHỨC VÀ CÁ NHÂN - Số hồ sơ tiếp nhận","THUE_GQ_TTHC_TIEPNHAN",,2FCA02AC5E424C3EA4674F32C58E791A,3,1,"",1,"Create template from input form",18/03/24,"",18/03/24,"","","LDG"
D53BCC25D9F53541A69EBD49CEF3DA84,"KẾT QUẢ THỰC HIỆN CÔNG TÁC GIẢI QUYẾT TTHC CHO TỔ CHỨC VÀ CÁ NHÂN - Số hồ sơ đang giải quyết","THUE_GQ_TTHC_DANG-GQ",,2FCA02AC5E424C3EA4674F32C58E791A,3,1,"",1,"Create template from input form",18/03/24,"",,"","","LDG"
40DA5B008CAD334EAE79AE9AAEC5CC9D,"BAO PHỦ BẢO HIỂM XÃ HỘI CỦA CÁC ĐỊA PHƯƠNG - Lực lượng lao động","BHXH_LLLD",,D204DF830A414B9B8AECD653A8C1365B,3,1,"",1,"Create template from input form",19/03/24,"",19/03/24,"","","LDG"
A353ABB0202C4B429F84EE064554E790,"TÌNH HÌNH ĐĂNG KÝ DOANH NGHIỆP TỈNH KHÁNH HÒA","DT_PT_XH_DK_DOANHNGHIEP_NEW",,FC58C0D495714DF882EC0E1B2F272B5C,3,1,"",-1,"Create template from input form",19/03/24,"",,"","","LDG"
DB4772BF363CA54B90D323D93099D785,"VĂN PHÒNG CHÍNH PHỦ						","DT_PT_XH_VPCHINHPHU_NEW",,FC58C0D495714DF882EC0E1B2F272B5C,3,1,"",1,"Create template from input form",19/03/24,"",,"","","LDG"
90D73ABA98F4294EADDE72542668816A,"ĐỀ XUẤT ĐIỀU CHỈNH CHỈ TIÊU, MỤC TIÊU CỦA CTMTQG DTTS&MN - Theo KH ban đầu cho GĐ 2021-2025","CTMTQG_DTTS_KH_2021-2025_NEW",,1EF84E419FEF40A19D590807151642D2,5,5,"",-1,"Create template from input form",19/03/24,"",21/03/24,"","","LDG"
26BA20AB48AFE04584E1880170A29614,"TÌNH HÌNH ĐĂNG KÝ DOANH NGHIỆP TỈNH KHÁNH HÒA - Số vốn đăng ký","DT_PT_XH_DK_DOANHNGHIEP_VON_NEW",,FC58C0D495714DF882EC0E1B2F272B5C,3,1,"",1,"Create template from input form",19/03/24,"",20/03/24,"","","LDG"
4279E6A36EFBD54F8AD03938AB509515,"PHẢN ÁNH KIẾN NGHỊ THEO ĐƠN VỊ","IMPORT_PAKN_DONVI",,2D8DA3C65CE741948FF5F5E024A0CC2C,3,1,"2",2,"Create template from Excel",21/03/24,"",,"","","LDG"
9F29E684A250BA4DB18ED21559E3E0EC,"THUẾ - GIẢI QUYẾT TTHC CHO TỔ CHỨC VÀ CÁ NHÂN","IMPORT_THUE_TTHC",,2D8DA3C65CE741948FF5F5E024A0CC2C,3,1,"2",2,"Create template from Excel",26/03/24,"",26/03/24,"","","LDG"
F14E58DE5F393648BC7AF0E93158471F,"Kết quả chuyển đổi số của các cơ quan, địa phương trên địa bàn tỉnh Khánh Hòa năm 2023","DTI_SOBANNGANH",,3D852306E7C74012971221BA8672EECF,5,1,"",1,"Create template from input form",02/04/24,"",02/04/24,"","","LDG"
A894FBFFB80F7D4687361805855454D5,"TÌNH HÌNH ĐĂNG KÝ HỢP TÁC XÃ TỈNH KHÁNH HÒA","DT_PT_XH_DK_HTX_NEW",,FC58C0D495714DF882EC0E1B2F272B5C,3,1,"",1,"Create template from input form",19/03/24,"",,"","","LDG"
123670D509CBF4449931CDC8397255D2,"GIÁ TRỊ SẢN XUẤT CÔNG NGHIỆP VÀ SẢN PHẨM CHỦ YẾU - KẾ HOẠCH NĂM","DT_PT_XH_SXCN-SPCY_KHNAM_NEW",,FC58C0D495714DF882EC0E1B2F272B5C,5,1,"",1,"Create template from input form",19/03/24,"",22/03/24,"","","LDG"
0E384AC81A7EE1438318FB6297AFF931,"KẾT QUẢ THỰC HIỆN CÁC CHỈ TIÊU KT- XH CHỦ YẾU - Kế hoạch năm","DT_PT_XH_KTXH_KHNAM_NEW",,FC58C0D495714DF882EC0E1B2F272B5C,5,1,"",1,"Create template from input form",19/03/24,"",19/03/24,"","","LDG"
DBBB43D305834D4489A7FB9B21B07C91,"BÁO CÁO TỔNG HỢP PHÂN LOẠI TIỀN THUẾ NỢ THEO CƠ QUAN THUẾ					","THUE_NO_COQUANTHUE_NEW",,2FCA02AC5E424C3EA4674F32C58E791A,3,1,"",1,"Create template from input form",19/03/24,"",26/03/24,"","","LDG"
CF267EE6A1317F47949DAC8E669BAC8D,"TÌNH HÌNH QUẢN LÝ MST CỦA TỔ CHỨC, CÁ NHÂN","THUE_MST_NEW",,2FCA02AC5E424C3EA4674F32C58E791A,3,1,"",-1,"Create template from input form",19/03/24,"",26/03/24,"","","LDG"
154219654EB03F4CAF0428D606B529C7,"KẾT QUẢ THỰC HIỆN CÁC CHỈ TIÊU KT- XH CHỦ YẾU - KẾ HOẠCH NĂM","MT_NEW_KHN",,CA98E06039414789AF57A451574FB795,5,1,"",1,"Create template from input form",19/03/24,"",25/03/24,"","","LDG"
D7EE1ABFF4B5D141AF378C7840345D8E,"TÌNH HÌNH ĐĂNG KÝ DOANH NGHIỆP TỈNH KHÁNH HÒA - Lũy kế số DN còn pháp nhân hoạt động","DT_PT_XH_DK_DOANHNGHIEP_PHAPNHAN-HD_NEW",,FC58C0D495714DF882EC0E1B2F272B5C,3,1,"",1,"Create template from input form",19/03/24,"",19/03/24,"","","LDG"
AFCE95416862EB4FAD2E38D7D7C4D990,"KẾT QUẢ THỰC HIỆN CÁC CHỈ TIÊU KT- XH CHỦ YẾU - KẾ HOẠCH NĂM","YT_KHNAM_NEW",,8622C5F00C5D41C48B0A2EEF2FD665F2,5,1,"",1,"Create template from input form",20/03/24,"",20/03/24,"","","LDG"
7CF4F1BED02010418E1A68E80C121416,"BÁO CÁO SỐ LIỆU THU NSNN","THU_NS_NAM_DUTOAN",,E743C0C5FFB04ADD8002892EAAD2C040,5,1,"",1,"Create template from input form",20/03/24,"",,"","","LDG"
3D036C8521AFE34F9C957401C50F4621,"KẾT QUẢ THỰC HIỆN CÁC CHỈ TIÊU KT- XH CHỦ YẾU","VH_NAM",,08B1B3A3D2094DA3A025DD51F9FE28FD,5,1,"",-1,"Create template from input form",20/03/24,"",20/03/24,"","","LDG"
61C359C31CE3194C8B6A9C83CA490DD6,"SỐ LIỆU TỔNG THU VÀ VAY NGÂN SÁCH ĐỊA PHƯƠNG ĐẾN NGÀY 31/12/2023","THU_NS_MAU03_DUTOAN",,2FCA02AC5E424C3EA4674F32C58E791A,5,1,"",1,"Create template from input form",20/03/24,"",,"","","LDG"
6A4EFDFEA805154794CBB932E6BC3506,"PHẢN ÁNH KIẾN NGHỊ TỔNG HỢP","IMPORT_PAKN_TONGHOP",,2D8DA3C65CE741948FF5F5E024A0CC2C,3,1,"2",2,"Create template from Excel",22/03/24,"",,"","","LDG"
CBA850508BEEA64188B2D67008465687,"BÁO CÁO SỐ LIỆU THU NSNN","THU_NS_NAM_SS",,E743C0C5FFB04ADD8002892EAAD2C040,5,1,"",1,"Create template from input form",26/03/24,"",,"","","LDG"
276F3CACA2282A419B558C416C51231A,"TÌNH HÌNH ĐĂNG KÝ DOANH NGHIỆP TỈNH KHÁNH HÒA -Số DN đăng ký thành lập mới","DT_PT_XH_DK_DOANHNGHIEP_THANHLAPMOI_",,FC58C0D495714DF882EC0E1B2F272B5C,3,1,"",-1,"Create template from input form",19/03/24,"",,"","","LDG"
1A2443BE3CD76043B63831237468597D,"TÌNH HÌNH TRẬT TỰ AN TOÀN GIAO THÔNG TRÊN ĐỊA BÀN TỈNH","ATGT_NEW",,820B5D417A44472F8F27FD9A053ADDEA,3,1,"",1,"Create template from input form",19/03/24,"",26/03/24,"","","LDG"
CFACB7EE48D57C4088E0A136DD4FAFCB,"TÌNH HÌNH ĐĂNG KÝ DOANH NGHIỆP TỈNH KHÁNH HÒA - Lũy kế số vốn điều lệ DN còn pháp nhân hoạt động","DT_PT_XH_DK_DOANHNGHIEP_VON_PHAPNHAN-HD_NEW",,FC58C0D495714DF882EC0E1B2F272B5C,3,1,"",1,"Create template from input form",19/03/24,"",,"","","LDG"
EDCC322A7683BE4E94DE2F2105058A1A,"TÌNH HÌNH QUẢN LÝ MST CỦA TỔ CHỨC, CÁ NHÂN","THUE_MST_TONG_NEW",,2FCA02AC5E424C3EA4674F32C58E791A,3,1,"",-1,"Create template from input form",20/03/24,"",20/03/24,"","","LDG"
B8A97A970116E346AC169A402B82F029,"KẾT QUẢ THỰC HIỆN CÁC CHỈ TIÊU KT- XH CHỦ YẾU","YT_NEW",,8622C5F00C5D41C48B0A2EEF2FD665F2,3,1,"",1,"Create template from input form",20/03/24,"",20/03/24,"","","LDG"
A572259DD4F659428D4003F053AFA361,"KẾT QUẢ THỰC HIỆN CÁC CHỈ TIÊU KT- XH CHỦ YẾU","VH_NAM_KEHOACH",,08B1B3A3D2094DA3A025DD51F9FE28FD,5,1,"",1,"Create template from input form",20/03/24,"",20/03/24,"","","LDG"
3271DEC31321D44E8B110D4B5086F65B,"SỐ LIỆU THỰC HIỆN TRỢ GIÚP XÃ HỘI THƯỜNG XUYÊN","LDVL_ASXH_NEW",,872728010FEC4F84BF2A764609B1B5BF,3,1,"",1,"Create template from input form",20/03/24,"",21/03/24,"","","LDG"
66B6D1F3BD13C64D91EBDF84D9B98DDD,"TỐC ĐỘ TĂNG TRƯỞNG TỔNG SẢN PHẨM ĐỊA PHƯƠNG (SS 2010)","GRDP_SS2010",,FC58C0D495714DF882EC0E1B2F272B5C,4,1,"",1,"Create template from input form",21/03/24,"",21/03/24,"","","LDG"
E10AB521FE671348BA5D15F9BBF22893,"ĐỀ XUẤT ĐIỀU CHỈNH CHỈ TIÊU, MỤC TIÊU CỦA CTMTQG DTTS&MN","CTMTQG_DTTS_NEW1",,1EF84E419FEF40A19D590807151642D2,8,1,"",-1,"Create template from input form",21/03/24,"",,"","","LDG"
4C854EA5FD35934EBC46061D1B437F98,"ĐỀ XUẤT ĐIỀU CHỈNH CHỈ TIÊU, MỤC TIÊU CỦA CTMTQG DTTS&MN","CTMTQG_DTTS_NEW",,1EF84E419FEF40A19D590807151642D2,8,1,"",-1,"Create template from input form",21/03/24,"",21/03/24,"","","LDG"
3708E1ADF9DB514686C6705360C075AD,"PHẢN ÁNH KIẾN NGHỊ THEO LĨNH VỰC","IMPORT_PAKN_LINHVUC",,2D8DA3C65CE741948FF5F5E024A0CC2C,3,1,"2",2,"Create template from Excel",21/03/24,"",,"","","LDG"
72BCE5664CD6CB48908FA8D8FD0AC420,"KẾT QUẢ THỰC HIỆN CÁC CHỈ TIÊU KT- XH CHỦ YẾU","MT_NEW_THN",,CA98E06039414789AF57A451574FB795,5,1,"",-1,"Create template from input form",25/03/24,"",25/03/24,"","","LDG"
19C1B16791DB0241AA0DB63914126EDE,"TÌNH HÌNH QUẢN LÝ MST CỦA TỔ CHỨC, CÁ NHÂN","THUE_MST_NEW2",,2FCA02AC5E424C3EA4674F32C58E791A,3,1,"",1,"Create template from input form",26/03/24,"",26/03/24,"","","LDG"
918F1808A9897F49A47A38A083BB1339,"Số lượng bài báo theo năm","IMPORT_BAO_CHI_THEO_NAM",,2D8DA3C65CE741948FF5F5E024A0CC2C,5,1,"2",2,"Create template from Excel",26/03/24,"",,"","","LDG"
B0346D74E09B6E4F9D4AAB0549575C0C,"KẾT QUẢ THỰC HIỆN CÁC CHỈ TIÊU KT- XH CHỦ YẾU","GD_KHN_NEW",,15B68EA2333048D9B41E638E5C56C484,5,1,"",1,"Create template from input form",28/03/24,"",28/03/24,"","","LDG"
0D60BEFFF221DB429BB92F62EBE0102E,"KẾT QUẢ THỰC HIỆN CÁC CHỈ TIÊU KT- XH CHỦ YẾU","gd_truongcong_khn",,15B68EA2333048D9B41E638E5C56C484,5,1,"",1,"Create template from input form",28/03/24,"",,"","","LDG"
A0FBA5268F1B964B944B601434EEEF0F,"Báo cáo Tình hình thực hiện thu NSNN theo địa bàn Tỉnh, thành phố","VPCP_API_01",,2D8DA3C65CE741948FF5F5E024A0CC2C,2,1,"2",1,"Create template from VPCP",01/04/24,"",,"","","LDG"
F93408B08BA2324BAF4D6E9492DAED7A,"TÌNH HÌNH ĐĂNG KÝ DOANH NGHIỆP TỈNH KHÁNH HÒA -Số doanh nghiệp  giải thể","DT_PT_XH_DK_DOANHNGHIEP_GIAITHE_NEW",,FC58C0D495714DF882EC0E1B2F272B5C,3,1,"",-1,"Create template from input form",19/03/24,"",,"","","LDG"
872ACAEFA2D8954E96645AFDC6A4916B,"KẾT QUẢ THỰC HIỆN CÁC CHỈ TIÊU KT- XH CHỦ YẾU","TS_NEW",,A3951FDA52194E088D809E3F67A96328,3,1,"",1,"Create template from input form",19/03/24,"",19/03/24,"","","LDG"
381BD863C371C747A852D1FFF0442208,"ĐỀ XUẤT ĐIỀU CHỈNH CHỈ TIÊU, MỤC TIÊU CỦA CTMTQG DTTS&MN","CTMTQG_DTTS_NEW",,1EF84E419FEF40A19D590807151642D2,8,1,"",-1,"Create template from input form",19/03/24,"",21/03/24,"","","LDG"
319F144B07DA444E929FD1C2216CE0A7,"TÌNH HÌNH ĐĂNG KÝ DOANH NGHIỆP TỈNH KHÁNH HÒA - Số DN đăng ký thành lập mới","DT_PT_XH_DK_DOANHNGHIEP_TLMOI_NEW",,FC58C0D495714DF882EC0E1B2F272B5C,3,1,"",1,"Create template from input form",19/03/24,"",19/03/24,"","","LDG"
2746955E82FAC0449569A8B051BE7C95,"TÌNH HÌNH ĐĂNG KÝ DOANH NGHIỆP TỈNH KHÁNH HÒA - Số doanh nghiệp đã giải thể","DT_PT_XH_DK_DOANHNGHIEP_GIAITHE_NEW",,FC58C0D495714DF882EC0E1B2F272B5C,3,1,"",1,"Create template from input form",19/03/24,"",19/03/24,"","","LDG"
247338C5CA3A5645B7FAECC5C36D50B2,"KẾT QUẢ THỰC HIỆN CÁC CHỈ TIÊU KT- XH CHỦ YẾU","GD_NAM",,15B68EA2333048D9B41E638E5C56C484,5,1,"",1,"Create template from input form",20/03/24,"",27/03/24,"","","LDG"
D55A861C4BE39D43B0CFC3D6CE383199,"KẾT QUẢ THỰC HIỆN CHỈ TIÊU THANH NIÊN TRONG ĐỘ TUỔI HOÀN THÀNH CHƯƠNG TRÌNH THPT","GD_NAM_THANHNIEN",,15B68EA2333048D9B41E638E5C56C484,5,1,"",1,"Create template from input form",25/03/24,"",25/03/24,"","","LDG"
2EF7045E00313548ACE90561CDECEDC4,"KẾT QUẢ THỰC HIỆN CÁC CHỈ TIÊU KT- XH CHỦ YẾU","GD_TH_NEW",,15B68EA2333048D9B41E638E5C56C484,5,1,"",1,"Create template from input form",28/03/24,"",28/03/24,"","","LDG"
EE79AFC1F063E34D830388AB64D1D2DE,"KẾT QUẢ THỰC HIỆN CÁC CHỈ TIÊU KT- XH CHỦ YẾU","GD_KHN_NEW_24",,15B68EA2333048D9B41E638E5C56C484,5,1,"",-1,"Create template from input form",28/03/24,"",,"","","LDG"
E6280559AE6BC4409C311204D4B04BC5,"BAO PHỦ BẢO HIỂM XÃ HỘICỦA CÁC ĐỊA PHƯƠNG","BHXH_NEW",,D204DF830A414B9B8AECD653A8C1365B,3,1,"",1,"Create template from input form",19/03/24,"",31/03/24,"","","LDG"
1F7C0FDE215728459058C74B959024A2,"TÌNH HÌNH ĐĂNG KÝ DOANH NGHIỆP TỈNH KHÁNH HÒA - Số doanh nghiệp hoạt động trở lại","DT_PT_XH_DK_DOANHNGHIEP_TROLAI_NEW",,FC58C0D495714DF882EC0E1B2F272B5C,3,1,"",1,"Create template from input form",19/03/24,"",19/03/24,"","","LDG"
FE8217AF13FDF04780D5DD9CFD850787,"KẾT QUẢ THỰC HIỆN CÁC CHỈ TIÊU KT- XH CHỦ YẾU","DL_THANG_THUCHIEN",,225052FD039A4E76B6AEFBB64B01E0EF,3,1,"",1,"Create template from input form",20/03/24,"",20/03/24,"","","LDG"
62189276D6AF9440B85C8642B0888DAA,"SỐ LIỆU TỔNG THU VÀ VAY NGÂN SÁCH ĐỊA PHƯƠNG ĐẾN NGÀY 31/12/2023","THU_NS_MAU03",,2FCA02AC5E424C3EA4674F32C58E791A,5,1,"",-1,"Create template from input form",20/03/24,"",,"","","LDG"
0D9B2CEB6DF08341B1AE8F4D90569D84,"ĐỀ XUẤT ĐIỀU CHỈNH CHỈ TIÊU, MỤC TIÊU CỦA CTMTQG DTTS&MN","CTMTQG_DTTS_NEW2",,1EF84E419FEF40A19D590807151642D2,8,1,"",1,"Create template from input form",21/03/24,"",22/03/24,"","","LDG"
C4CE4EAA1BCE3443B6DF6EC13ADE1497,"ĐỀ XUẤT ĐIỀU CHỈNH CHỈ TIÊU, MỤC TIÊU CỦA CTMTQG DTTS&MN - Theo KH ban đầu cho GĐ 2021-2025","CTMTQG_DTTS_KH_GD2021-2025_NEW",,1EF84E419FEF40A19D590807151642D2,5,5,"",1,"Create template from input form",21/03/24,"",22/03/24,"","","LDG"
F2269392AC4AD041AD85EA852922E1A9,"KẾT QUẢ THỰC HIỆN CÁC CHỈ TIÊU KT- XH CHỦ YẾU - THỰC HIỆN KỲ BÁO CÁO","MT_NEW_CKNT",,CA98E06039414789AF57A451574FB795,5,1,"",1,"Create template from input form",25/03/24,"",25/03/24,"","","LDG"
75D577F413DED040A805CE56F1CF914A,"TEST","TEST",,2FCA02AC5E424C3EA4674F32C58E791A,3,1,"",-1,"Create template from input form",26/03/24,"",,"","","LDG"
E0C427C669FB024A916DBDA0175835F0,"KẾT QUẢ THỰC HIỆN CÁC CHỈ TIÊU KT- XH CHỦ YẾU","GD_TH_NEW_KHN",,15B68EA2333048D9B41E638E5C56C484,5,1,"",1,"Create template from input form",28/03/24,"",28/03/24,"","","LDG"
88D99498EF761F4899E78463991FAE1F,"TÌNH HÌNH ĐĂNG KÝ DOANH NGHIỆP TỈNH KHÁNH HÒA","DT_PT_XH_DK_DOANHNGHIEP_NEW",,FC58C0D495714DF882EC0E1B2F272B5C,3,1,"",1,"Create template from input form",19/03/24,"",20/03/24,"","","LDG"
4BFC81939EFF964CAF60DEE9C74B0B4E,"THỐNG KÊ THU NHẬN VÀ KÍCH HOẠT TÀI KHOẢN ĐỊNH DANH","DE_AN_06_THANG",,9C9461366C904C34A27451993464E57F,3,1,"",1,"Create template from input form",19/03/24,"",19/03/24,"","","LDG"
CBE6AEE3BBE673468A1F1EAA9D3E4C4C,"KẾT QUẢ THỰC HIỆN CÁC CHỈ TIÊU KT- XH CHỦ YẾU - KẾ HOẠCH NĂM","MT_NEW",,CA98E06039414789AF57A451574FB795,3,1,"",1,"Create template from input form",19/03/24,"",25/03/24,"","","LDG"
35F5429E3F2E184A9723939B63E71C24,"TÌNH HÌNH ĐĂNG KÝ DOANH NGHIỆP TỈNH KHÁNH HÒA - Số doanh nghiệp đăng ký tạm ngừng hoạt động","DT_PT_XH_DK_DOANHNGHIEP_TAMNGUNG_NEW",,FC58C0D495714DF882EC0E1B2F272B5C,3,1,"",1,"Create template from input form",19/03/24,"",19/03/24,"","","LDG"
B00E7E60E3F9694FA179CAB0C02E7E52,"TÌNH HÌNH ĐĂNG KÝ DOANH NGHIỆP TỈNH KHÁNH HÒA","DT_PT_XH_DK_DOANHNGHIEP_NEW2",,FC58C0D495714DF882EC0E1B2F272B5C,3,1,"",1,"Create template from input form",20/03/24,"",,"","","LDG"
4B5E9C5A2BECC9448F80C788DB2FC94F,"KẾT QUẢ THỰC HIỆN CÁC CHỈ TIÊU KT- XH CHỦ YẾU","DL_NAM_KEHOACH",,225052FD039A4E76B6AEFBB64B01E0EF,5,1,"",1,"Create template from input form",20/03/24,"",28/03/24,"","","LDG"
BBC7744B4CEA264BA3E5C4F313D77470,"BÁO CÁO SỐ LIỆU THU NSNN","THU_NS_NAM",,E743C0C5FFB04ADD8002892EAAD2C040,5,1,"",1,"Create template from input form",20/03/24,"",,"","","LDG"
FE8CA433FE0DC44A82479AF956C97E4E,"Số lượng bài báo theo tháng","IMPORT_BAO_CHI_THEO_THANG",,2D8DA3C65CE741948FF5F5E024A0CC2C,3,1,"2",2,"Create template from Excel",26/03/24,"",,"","","LDG"
0ED8A476325E0348B90156366162972F,"KẾT QUẢ THỰC HIỆN CÁC CHỈ TIÊU KT- XH CHỦ YẾU (Năm)","GD_NAM_NEW",,15B68EA2333048D9B41E638E5C56C484,5,1,"",1,"Create template from input form",27/03/24,"",27/03/24,"","","LDG"
644A0EB66876474299B09B99D3386316,"KẾT QUẢ THỰC HIỆN CÁC CHỈ TIÊU KT- XH CHỦ YẾU","gd_truongcong",,15B68EA2333048D9B41E638E5C56C484,5,1,"",-1,"Create template from input form",28/03/24,"",28/03/24,"","","LDG"
F3BBDE4FA7592F47B647FC51D120BB7E,"TÌNH HÌNH ĐĂNG KÝ DOANH NGHIỆP TỈNH KHÁNH HÒA - Số vốn đăng ký","DT_PT_XH_DK_DOANHNGHIEP_VONDK_NEW",,FC58C0D495714DF882EC0E1B2F272B5C,3,1,"",-1,"Create template from input form",19/03/24,"",,"","","LDG"
870C4A20B1C9744098BCBE3158368AEC,"KẾT QUẢ THỰC HIỆN CÁC CHỈ TIÊU KT- XH CHỦ YẾU 							","DT_PT_XH_KTXH_NEW",,FC58C0D495714DF882EC0E1B2F272B5C,3,1,"",1,"Create template from input form",19/03/24,"",,"","","LDG"
9B30A583CC1AA841A8BB56A1F0C8E647,"VĂN PHÒNG CHÍNH PHỦ - KẾ HOẠCH NĂM						","DT_PT_XH_VPCHINHPHU_KHNAM_",,FC58C0D495714DF882EC0E1B2F272B5C,5,1,"",1,"Create template from input form",19/03/24,"",,"","","LDG"
8B5B5A39AD5D1B4B9BA15543F0918AE4,"KẾT QUẢ THỰC HIỆN CÔNG TÁC GIẢI QUYẾT TTHC CHO TỔ CHỨC VÀ CÁ NHÂN","THUE_GQ_TTHC_NEW",,2FCA02AC5E424C3EA4674F32C58E791A,3,1,"",1,"Create template from input form",19/03/24,"",,"","","LDG"
73F4B83C88DEAF41852017FD913CE509,"KẾT QUẢ THỰC HIỆN CÁC CHỈ TIÊU KT- XH CHỦ YẾU","VH_NAM_THUCHIEN",,08B1B3A3D2094DA3A025DD51F9FE28FD,5,1,"",1,"Create template from input form",20/03/24,"",20/03/24,"","","LDG"
9BE405308B8AF14EB3E2B1C02C8EB689,"TÌNH HÌNH PHÂN BỔ, GIẢI NGÂN KẾ HOẠCH ĐẦU TƯ CÔNG","DTC",,C023E84180474BB5BCDEAA9A2077F050,5,1,"",1,"Create template from input form",26/03/24,"",27/03/24,"","","LDG"
B7125F4F21CAD542BFA118DF7D41D645,"TEST","TEST",,F4D5C61BCB73459984E770554E632F06,3,1,"",1,"Create template from input form",26/03/24,"",27/03/24,"","","LDG"
E6081A535671884C82D02CF11625630D,"BÁO CÁO SỐ LIỆU THU NSNN","THU_NS_THANG_SS",,E743C0C5FFB04ADD8002892EAAD2C040,3,1,"",1,"Create template from input form",26/03/24,"",26/03/24,"","","LDG"
36F413B933D41A45B30E1084ACC0C68F,"KẾT QUẢ THỰC HIỆN CÁC CHỈ TIÊU KT- XH CHỦ YẾU","VH_KT-XH_NEW",,08B1B3A3D2094DA3A025DD51F9FE28FD,5,1,"",1,"Create template from input form",27/03/24,"",28/03/24,"","","LDG"
950CF3CDB1C9234D960D0AC821F60BC2,"KẾT QUẢ THỰC HIỆN CÁC CHỈ TIÊU KT- XH CHỦ YẾU","gd_thanhnien",,15B68EA2333048D9B41E638E5C56C484,5,1,"",1,"Create template from input form",28/03/24,"",28/03/24,"","","LDG"
717FCDD0F711DC4585E647C6A72BCD96,"TỶ LỆ BAO PHỦ ĐẠT ĐƯỢC SO VỚI TỶ LỆ BAO PHỦ ĐƯỢC GIAO","BHXH_NEW_TYLE",,D204DF830A414B9B8AECD653A8C1365B,3,1,"",1,"Create template from input form",31/03/24,"",31/03/24,"","","LDG"
5443C2BE17304543A3F744874033FB80,"KẾT QUẢ THỰC HIỆN CÁC CHỈ TIÊU KT- XH CHỦ YẾU - KẾ HOẠCH NĂM","TS_NEW_KHN",,A3951FDA52194E088D809E3F67A96328,5,1,"",1,"Create template from input form",19/03/24,"",23/03/24,"","","LDG"
6A160A645E0EF348AE06EFDA49134C40,"TÌNH HÌNH TRẬT TỰ AN TOÀN GIAO THÔNG TRÊN ĐỊA BÀN TỈNH","ATGT_NEW_SLCUNGKY",,820B5D417A44472F8F27FD9A053ADDEA,3,1,"",-1,"Create template from input form",19/03/24,"",,"","","LDG"
9DC1CDCCB6C4CA42A9635CCAABD3B5E2,"SỐ LIỆU TỔNG THU VÀ VAY NGÂN SÁCH ĐỊA PHƯƠNG ĐẾN NGÀY 31/12/2023","THU_NS_MAU03_THUCHIEN",,2FCA02AC5E424C3EA4674F32C58E791A,5,1,"",1,"Create template from input form",20/03/24,"",,"","","LDG"
4619ED37C364504E9E58526550AE97F6,"KẾT QUẢ THỰC HIỆN CÁC CHỈ TIÊU KT- XH CHỦ YẾU","DL_2THANG_THUCHIEN",,225052FD039A4E76B6AEFBB64B01E0EF,3,1,"",1,"Create template from input form",29/03/24,"",,"","","LDG"
8A417A64855B5241ADA8A826C05EAEE7,"Chỉ số DTI","DTI",,3D852306E7C74012971221BA8672EECF,5,1,"",1,"Create template from input form",01/04/24,"",01/04/24,"","","LDG"
